"id","name","description","invoice_label","amount","amount_type","type_tax_use","tax_group_id","auto_tax","auto_tax_on_refund","repartition_line_ids/repartition_type","repartition_line_ids/document_type","repartition_line_ids/tag_ids","repartition_line_ids/account_id","name@fr","description@fr","fiscal_position_ids","original_tax_ids"
"l10n_tn_tax_vat_sale_tax_stamp","","","","","","","","True","False","base","invoice","","","","","",""
"","","","","","","","","","","tax","invoice","stamp_sale_due","l10n_tn_4371","","","",""
"","","","","","","","","","","base","refund","","","","","",""
"","","","","","","","","","","tax","refund","stamp_sale_due","l10n_tn_4371","","","",""
"l10n_tn_tax_vat_purchase_tax_stamp","","","","","","","","True","False","","","","","","","",""
"l10n_tn_stamp_tax_sale_exempt","0DT TS","Stamp exempt","0DT","0.0","fixed","sale","l10n_tn_tax_group_tf","False","False","base","invoice","","","0DT TF","Timbre exonéré","l10n_tn_fp_template_export,l10n_tn_stamp_fp_public","l10n_tn_tax_vat_sale_tax_stamp"
"","","","","","","","","","","tax","invoice","","","","","",""
"","","","","","","","","","","base","refund","","","","","",""
"","","","","","","","","","","tax","refund","","","","","",""
"l10n_tn_stamp_tax_purchase_exempt","0DT TS","Stamp exempt","0DT","0.0","fixed","purchase","l10n_tn_tax_group_tf","False","False","base","invoice","","","0DT TF","Timbre exonéré","l10n_tn_fp_template_export","l10n_tn_tax_vat_purchase_tax_stamp"
"","","","","","","","","","","tax","invoice","","","","","",""
"","","","","","","","","","","base","refund","","","","","",""
"","","","","","","","","","","tax","refund","","","","","",""
